{
  "editor:swap-line-up": [
    {
      "modifiers": [
        "Alt",
        "Shift"
      ],
      "key": "ArrowUp"
    }
  ],
  "editor:swap-line-down": [
    {
      "modifiers": [
        "Alt",
        "Shift"
      ],
      "key": "ArrowDown"
    }
  ],
  "editor:fold-all": [
    {
      "modifiers": [
        "Mod",
        "Shift"
      ],
      "key": "C"
    }
  ],
  "editor:insert-callout": [
    {
      "modifiers": [
        "Mod"
      ],
      "key": "Q"
    }
  ],
  "editor:insert-codeblock": [
    {
      "modifiers": [
        "Mod"
      ],
      "key": "E"
    }
  ],
  "markdown:toggle-preview": [],
  "editor:insert-horizontal-rule": [
    {
      "modifiers": [
        "Mod"
      ],
      "key": "-"
    }
  ]
}