{
  "main": {
    "id": "164b3d8803ea2d7f",
    "type": "split",
    "children": [
      {
        "id": "c3253ef8ad9dd480",
        "type": "tabs",
        "children": [
          {
            "id": "2a54933c89a5564e",
            "type": "leaf",
            "state": {
              "type": "markdown",
              "state": {
                "file": "university/kvantum/notes/ZH2 kérdések.md",
                "mode": "source",
                "source": false
              },
              "icon": "lucide-file",
              "title": "ZH2 kérdések"
            }
          },
          {
            "id": "523da87b43a0aae1",
            "type": "leaf",
            "pinned": true,
            "state": {
              "type": "canvas",
              "state": {
                "file": "Dashboard.canvas",
                "viewState": {
                  "x": -1740,
                  "y": -2420,
                  "zoom": -0.506787427863163
                }
              },
              "pinned": true,
              "icon": "lucide-layout-dashboard",
              "title": "Dashboard"
            }
          }
        ]
      }
    ],
    "direction": "vertical"
  },
  "left": {
    "id": "a5680a3e84c57783",
    "type": "split",
    "children": [
      {
        "id": "480d8ba01e4c7c0d",
        "type": "tabs",
        "children": [
          {
            "id": "43b19cd596c354bd",
            "type": "leaf",
            "state": {
              "type": "file-explorer",
              "state": {
                "sortOrder": "byCreatedTime"
              },
              "icon": "lucide-folder-closed",
              "title": "Files"
            }
          },
          {
            "id": "cd7dc7054d5e60aa",
            "type": "leaf",
            "state": {
              "type": "search",
              "state": {
                "query": "",
                "matchingCase": false,
                "explainSearch": false,
                "collapseAll": false,
                "extraContext": false,
                "sortOrder": "alphabetical"
              },
              "icon": "lucide-search",
              "title": "Search"
            }
          },
          {
            "id": "eaf68633b1f2615b",
            "type": "leaf",
            "state": {
              "type": "bookmarks",
              "state": {},
              "icon": "lucide-bookmark",
              "title": "Bookmarks"
            }
          },
          {
            "id": "e021c82373e18306",
            "type": "leaf",
            "state": {
              "type": "mk-path-view",
              "state": {},
              "icon": "lucide-file",
              "title": "Plugin no longer active"
            }
          }
        ]
      }
    ],
    "direction": "horizontal",
    "width": 334.00418853759766
  },
  "right": {
    "id": "7aca21747588be5f",
    "type": "split",
    "children": [
      {
        "id": "0f65d66210f05bb1",
        "type": "tabs",
        "children": [
          {
            "id": "e9cd28c7e0572679",
            "type": "leaf",
            "pinned": true,
            "state": {
              "type": "graph",
              "state": {},
              "pinned": true,
              "icon": "lucide-git-fork",
              "title": "Graph view"
            }
          },
          {
            "id": "12c7e63ebd16c797",
            "type": "leaf",
            "state": {
              "type": "tag",
              "state": {
                "sortOrder": "frequency",
                "useHierarchy": true
              },
              "icon": "lucide-tags",
              "title": "Tags"
            }
          },
          {
            "id": "f595e33dce85cd04",
            "type": "leaf",
            "state": {
              "type": "file-properties",
              "state": {
                "file": "university/kvantum/notes/ZH2 kérdések.md"
              },
              "icon": "lucide-info",
              "title": "File properties for ZH2 kérdések"
            }
          },
          {
            "id": "354d4e25e2e5b40f",
            "type": "leaf",
            "state": {
              "type": "outgoing-link",
              "state": {
                "file": "university/kvantum/notes/ZH2 kérdések.md",
                "linksCollapsed": false,
                "unlinkedCollapsed": true
              },
              "icon": "links-going-out",
              "title": "Outgoing links from ZH2 kérdések"
            }
          },
          {
            "id": "e3a6ab80abc2a882",
            "type": "leaf",
            "state": {
              "type": "all-properties",
              "state": {
                "sortOrder": "frequency",
                "showSearch": false,
                "searchQuery": ""
              },
              "icon": "lucide-archive",
              "title": "All properties"
            }
          },
          {
            "id": "38c0229b82783878",
            "type": "leaf",
            "state": {
              "type": "outline",
              "state": {
                "file": "university/kvantum/notes/ZH2 kérdések.md"
              },
              "icon": "lucide-list",
              "title": "Outline of ZH2 kérdések"
            }
          },
          {
            "id": "88770f84e2168212",
            "type": "leaf",
            "state": {
              "type": "review-queue-list-view",
              "state": {},
              "icon": "SpacedRepIcon",
              "title": "Notes Review Queue"
            }
          },
          {
            "id": "e84d0c6c55fec00d",
            "type": "leaf",
            "state": {
              "type": "review-queue-list-view",
              "state": {},
              "icon": "SpacedRepIcon",
              "title": "Notes Review Queue"
            }
          }
        ],
        "currentTab": 7
      },
      {
        "id": "2155656e41872540",
        "type": "tabs",
        "children": [
          {
            "id": "913a0dffb242e9b7",
            "type": "leaf",
            "state": {
              "type": "calendar",
              "state": {},
              "icon": "calendar-with-checkmark",
              "title": "Calendar"
            }
          },
          {
            "id": "a8119079ad98b792",
            "type": "leaf",
            "state": {
              "type": "backlink",
              "state": {
                "file": "university/kvantum/notes/ZH2 kérdések.md",
                "collapseAll": false,
                "extraContext": false,
                "sortOrder": "alphabetical",
                "showSearch": true,
                "searchQuery": "",
                "backlinkCollapsed": false,
                "unlinkedCollapsed": false
              },
              "icon": "links-coming-in",
              "title": "Backlinks for ZH2 kérdések"
            }
          }
        ],
        "currentTab": 1
      }
    ],
    "direction": "horizontal",
    "width": 376
  },
  "left-ribbon": {
    "hiddenItems": {
      "obsidian-git:Open Git source control": false,
      "switcher:Open quick switcher": false,
      "graph:Open graph view": false,
      "canvas:Create new canvas": false,
      "daily-notes:Open today's daily note": false,
      "templates:Insert template": false,
      "command-palette:Open command palette": false,
      "obsidian-kanban:Create new board": false,
      "omnisearch:Omnisearch": false,
      "homepage:Open homepage": false,
      "templater-obsidian:Templater": false,
      "obsidian-spaced-repetition:Review flashcards": false,
      "obsidian-full-calendar:Open Full Calendar": false,
      "audio-recorder:Start/stop recording": false,
      "markdown-importer:Open format converter": false,
      "publish:Publish changes...": false,
      "periodic-notes:Open today": false,
      "obsidian-excalidraw-plugin:Create new drawing": false
    }
  },
  "active": "2a54933c89a5564e",
  "lastOpenFiles": [
    "Dashboard.canvas",
    "university/kvantum/notes/ZH2 kérdések.md",
    "university/kvantum/notes/ZH kérdések.md",
    "Pasted image 20241119204543.png",
    "Excalidraw/ZH2 kérdések 2024-11-19 19.14.22.excalidraw.md",
    "Excalidraw",
    "university/adatvezerelt rendszerek/notes/ZH gyakorlás.md",
    "university/adatvezerelt rendszerek/notes/Entity Framework.md",
    "university/adatvezerelt rendszerek/notes/MongoDB.md",
    "university/adatvezerelt rendszerek/notes/Adatszótár.md",
    "university/adatvezerelt rendszerek/notes/MintaZH kidolgozás.md",
    "university/adatvezerelt rendszerek/notes/MongoDB programozása.md",
    "university/adatvezerelt rendszerek/notes/NoSQL.md",
    "university/adatvezerelt rendszerek/notes/MS SQL.md",
    "university/adatvezerelt rendszerek/notes/JSON.md",
    "university/adatvezerelt rendszerek/notes/Félig strukturált adatok.md",
    "university/adatvezerelt rendszerek/notes/XPath.md",
    "programming/XSLT.md",
    "university/adatvezerelt rendszerek/notes/XML.md",
    "cs basics/encoding.md",
    "university/adatvezerelt rendszerek/notes/Adatvezérelt rendszerek architektúrái.md",
    "university/adatvezerelt rendszerek/notes/Objektum-relációs Leképezés.md",
    "university/adatvezerelt rendszerek/notes/T-SQL.md",
    "university/adatvezerelt rendszerek/notes/Adatbázisok Szerveroldali Programozása.md",
    "university/adatvezerelt rendszerek/notes/Tranzakciókezelés.md",
    "university/adatvezerelt rendszerek/notes/Adatforrások az Adatvezérelt Rendszerekben.md",
    "university/adatvezerelt rendszerek/notes/Rétegfüggetlen Szolgáltatások.md",
    "university/adatvezerelt rendszerek/notes/Adatelérési réteg.md",
    "Pasted image 20241114122700.png",
    "Pasted image 20241114112743.png",
    "Pasted image 20241114104040.png",
    "Pasted image 20241114102609.png",
    "Pasted image 20241114102545.png",
    "Pasted image 20241114102533.png",
    "university/adatvezerelt rendszerek/resources/Pasted image 20241113203612.png",
    "university/adatvezerelt rendszerek/resources/Pasted image 20241104172945.png",
    "university/adatvezerelt rendszerek/resources/Pasted image 20241113200901.png",
    "university/adatvezerelt rendszerek/lectures/05-Adat szótár és félig strukturált adatok kezelése.pdf",
    "university/adatvezerelt rendszerek/notes/notes.zip",
    "cs basics",
    "university/_old",
    "university/_old/databases/notes",
    "databases/notes",
    "databases",
    "university/_old/databases",
    "smart-chats",
    "Untitled.canvas",
    "brainmap/Dashboard.canvas",
    "Untitled 1.canvas"
  ]
}